1,D
2,D
3,D
4,D
5,D
6,D
7,D
8,D
9,D
10,D
11,D
12,D
13,D
14,D
15,D
16,D
17,D
18,D
19,D
20,D
21,D
22,D
23,D
24,D
25,D
26,D
27,D
28,D
29,D
30,D
31,D
32,D
33,D
34,D
35,D
36,D
37,D
38,D
39,D
40,D
41,D
42,D
43,D
44,D
45,D
46,D
47,D
48,D
49,D
50,D
51,D
52,D
53,D
54,D
55,D
56,D
57,D
58,D
59,D
60,D
61,D
62,D
63,D
64,D
65,D
66,D
67,D
68,D
69,D
70,D
71,D
72,D
73,D
74,D
75,D
76,D
77,D
78,D
79,D
80,D
81,D
82,D
83,D
84,D
85,D
86,D
87,D
88,D
89,D
90,D
91,D
92,D
93,D
94,D
95,D
96,D
97,D
98,D
99,D
100,D
101,D
102,D
103,D
104,D
105,D
106,D
107,D
108,D
109,D
110,D
111,D
112,D
113,D
114,D
115,D
116,D
117,D
118,D
119,D
120,D
121,D
122,D
123,D
124,D
125,D
126,D
127,D
128,D
129,D
130,D
131,D
132,D
133,D
134,D
135,D
136,D
137,D
138,D
139,D
140,D
141,D
142,D
143,D
144,D
145,D
146,D
147,D
148,D
149,D
150,D
151,D
152,D
153,D
154,D
155,D
156,D
157,D
158,D
159,D
160,D
161,D
162,D
163,D
164,D
165,D
166,D
167,D
168,D
169,D
170,D
171,D
172,D
173,D
174,D
175,D
176,D
177,D
178,D
179,D
180,D
181,D
182,D
183,D
184,D
185,D
186,D
187,D
188,D
189,D
190,D
191,D
192,D
193,D
194,D
195,D
196,D
197,D
198,D
199,D
200,D
201,D
202,D
203,D
204,D
205,D
206,D
207,D
208,D
209,D
210,D
211,D
212,D
213,D
214,D
215,D
216,D
217,D
218,D
219,D
220,D
221,D
222,D
223,D
224,D
225,D
226,D
227,D
228,D
229,D
230,D
231,D
232,D
233,D
234,D
235,D
236,D
237,D
238,D
239,D
240,D
241,D
242,D
243,D
244,D
245,D
246,D
247,D
248,D
249,D
250,D
251,D
252,D
253,D
254,D
255,D
256,D
257,D
258,D
259,D
260,D
261,D
262,D
263,D
264,D
265,D
266,D
267,D
268,D
269,D
270,D
271,D
272,D
273,D
274,D
275,D
276,D
277,D
278,D
279,D
280,D
281,D
282,D
283,D
284,D
285,D
286,D
287,D
288,D
289,D
290,D
291,D
292,D
293,D
294,D
295,D
296,D
297,D
298,D
299,D
300,D
301,D
302,D
303,D
304,D
305,D
306,D
307,D
308,D
309,D
310,D
311,D
312,D
313,D
314,D
315,D
316,D
317,D
318,D
319,D
320,D
321,D
322,D
323,D
324,D
325,D
326,D
327,D
328,D
329,D
330,D
331,D
332,D
333,D
334,D
335,D
336,D
337,D
338,D
339,D
340,D
341,D
342,D
343,D
344,D
345,D
346,D
347,D
348,D
349,D
350,D
351,D
352,D
353,D
354,D
355,D
356,D
357,D
358,D
359,D
360,D
361,D
362,D
363,D
364,D
365,D
366,D
367,D
368,D
369,D
370,D
371,D
372,D
373,D
374,D
375,D
376,D
377,D
378,D
379,D
380,D
381,D
382,D
383,D
384,D
385,D
386,D
387,D
388,D
389,D
390,D
391,D
392,D
393,D
394,D
395,D
396,D
397,D
398,D
399,D
400,D
401,D
402,D
403,D
404,D
405,D
406,D
407,D
408,D
409,D
410,D
411,D
412,D
413,D
414,D
415,D
416,D
417,D
418,D
419,D
420,D
421,D
422,D
423,D
424,D
425,D
426,D
427,D
428,D
429,D
430,D
431,D
432,D
433,D
434,D
435,D
436,D
437,D
438,D
439,D
440,D
441,D
442,D
443,D
444,D
445,D
446,D
447,D
448,D
449,D
450,D
451,D
452,D
453,D
454,D
455,D
456,D
457,D
458,D
459,D
460,D
461,D
462,D
463,D
464,D
465,D
466,D
467,D
468,D
469,D
470,D
471,D
472,D
473,D
474,D
475,D
476,D
477,D
478,D
479,D
480,D
481,D
482,D
483,D
484,D
485,D
486,D
487,D
488,D
489,D
490,D
491,D
492,D
493,D
494,D
495,D
496,D
497,D
498,D
499,D
500,D
501,D
502,D
503,D
504,D
505,D
506,D
507,D
508,D
509,D
510,D
511,D
512,D
513,D
514,D
515,D
516,D
517,D
518,D
519,D
520,D
521,D
522,D
523,D
524,D
525,D
526,D
527,D
528,D
529,D
530,D
531,D
532,D
533,D
534,D
535,D
536,D
537,D
538,D
539,D
540,D
541,D
542,D
543,D
544,D
545,D
546,D
547,D
548,D
549,D
550,D
551,D
552,D
553,D
554,D
555,D
556,D
557,D
558,D
559,D
560,D
561,D
562,D
563,D
564,D
565,D
566,D
567,D
568,D
569,D
570,D
571,D
572,D
573,D
574,D
575,D
576,D
577,D
578,D
579,D
580,D
581,D
582,D
583,D
584,D
585,D
586,D
587,D
588,D
589,D
590,D
591,D
592,D
593,D
594,D
595,D
596,G
597,G
598,G
599,G
600,G
601,G
602,G
603,G
604,G
605,G
606,G
607,G
608,G
609,G
610,G
611,G
612,G
613,G
614,G
615,G
616,G
617,G
618,G
619,G
620,G
621,G
622,G
623,G
624,G
625,G
626,G
627,G
628,G
629,G
630,G
631,G
632,G
633,G
634,G
635,G
636,G
637,G
638,G
639,G
640,G
641,G
642,G
643,G
644,G
645,G
646,G
647,G
648,G
649,G
650,G
651,G
652,G
653,G
654,G
655,G
656,G
657,G
658,G
659,G
660,G
661,G
662,G
663,G
664,G
665,G
666,G
667,G
668,G
669,G
670,G
671,G
672,G
673,G
674,G
675,G
676,G
677,G
678,G
679,G
680,G
681,G
682,G
683,G
684,G
685,G
686,G
687,G
688,G
689,G
690,G
691,G
692,G
693,G
694,G
695,G
696,G
697,G
698,G
699,G
700,G
701,G
702,G
703,G
704,G
705,G
706,G
707,G
708,G
709,G
710,G
711,G
712,G
713,G
714,G
715,G
716,G
717,G
718,G
719,G
720,G
721,G
722,G
723,G
724,G
725,G
726,G
727,G
728,G
729,G
730,G
731,G
732,G
733,G
734,G
735,G
736,G
737,G
738,G
739,G
740,G
741,G
742,G
743,G
744,G
745,G
746,G
747,G
748,G
749,G
750,G
751,G
752,G
753,G
754,G
755,G
756,G
757,G
758,G
759,G
760,G
761,G
762,G
763,G
764,G
765,G
766,G
767,G
768,G
769,G
770,G
771,G
772,G
773,G
774,G
775,G
776,G
777,G
778,G
779,G
780,G
781,G
782,G
783,G
784,G
785,G
786,G
787,G
788,G
789,G
790,G
791,G
792,G
793,G
794,G
795,G
796,G
797,G
798,G
799,G
800,G
801,G
802,G
803,G
804,G
805,G
806,G
807,G
808,G
809,G
810,G
811,G
812,G
813,G
814,G
815,G
816,G
817,G
818,G
819,G
820,G
821,G
822,G
823,G
824,G
825,G
826,G
827,G
828,G
829,G
830,G
831,G
832,G
833,G
834,G
835,G
836,G
837,G
838,G
839,G
840,G
841,G
842,G
843,G
844,G
845,G
846,G
847,G
848,G
849,G
850,G
851,G
852,G
853,G
854,G
855,G
856,G
857,G
858,G
859,G
860,G
861,G
862,G
863,G
864,G
865,G
866,G
867,G
868,G
869,G
870,G
871,G
872,G
873,G
874,G
875,G
876,G
877,G
878,G
879,G
880,G
881,G
882,G
883,G
884,G
885,G
886,G
887,G
888,G
889,G
890,G
891,G
892,G
893,G
894,G
895,G
896,G
897,G
898,G
899,G
900,G
901,G
902,G
903,G
904,G
905,G
906,G
907,G
908,G
909,G
910,G
911,G
912,G
913,G
914,G
915,G
916,G
917,G
918,G
919,G
920,G
921,G
922,G
923,G
924,G
925,G
926,G
927,G
928,G
929,G
930,G
931,G
932,G
933,G
934,G
935,G
936,G
937,G
938,G
939,G
940,G
941,G
942,G
943,G
944,G
945,G
946,G
947,G
948,G
949,G
950,G
951,G
952,G
953,G
954,G
955,G
956,G
957,G
958,G
959,G
960,G
961,G
962,G
963,G
964,G
965,G
966,G
967,G
968,G
969,G
970,G
971,G
972,G
973,G
974,G
975,G
976,G
977,G
978,G
979,G
980,G
981,G
982,G
983,G
984,G
985,G
986,G
987,G
988,G
989,G
990,G
991,G
992,G
993,G
994,G
995,G
996,G
997,G
998,G
999,G
1000,G
1001,G
1002,G
1003,G
1004,G
1005,G
1006,G
1007,G
1008,G
1009,G
1010,G
1011,G
1012,G
1013,G
1014,G
1015,G
1016,G
1017,G
1018,G
1019,G
1020,G
1021,G
1022,G
1023,G
1024,G
1025,G
1026,G
1027,G
1028,G
1029,G
1030,G
1031,G
1032,G
1033,G
1034,G
1035,G
1036,G
1037,G
1038,G
1039,G
1040,G
1041,G
1042,G
1043,G
1044,G
1045,G
1046,G
1047,G
1048,G
1049,G
1050,G
1051,G
1052,G
1053,G
1054,G
1055,G
1056,G
1057,G
1058,G
1059,G
1060,G
1061,G
1062,G
1063,G
1064,G
1065,G
1066,G
1067,G
1068,G
1069,G
1070,G
1071,G
1072,G
1073,G
1074,G
1075,G
1076,G
1077,G
1078,G
1079,G
1080,G
1081,G
1082,G
1083,G
1084,G
1085,G
1086,G
1087,G
1088,G
1089,G
1090,G
1091,G
1092,G
1093,G
1094,G
1095,G
1096,G
1097,G
1098,G
1099,G
1100,G
1101,G
1102,G
1103,G
1104,G
1105,G
1106,G
1107,G
1108,G
1109,G
1110,G
1111,G
1112,G
1113,G
1114,G
1115,G
1116,G
1117,G
1118,G
1119,G
1120,G
1121,G
1122,G
1123,G
1124,G
1125,G
1126,G
1127,G
1128,G
1129,G
1130,G
1131,G
1132,G
1133,G
1134,G
1135,G
1136,G
1137,G
1138,G
1139,G
1140,G
1141,G
1142,G
1143,G
1144,G
1145,G
1146,G
1147,G
1148,G
1149,G
1150,G
1151,G
1152,G
1153,G
1154,G
1155,G
1156,G
1157,G
1158,G
1159,G
1160,G
1161,G
1162,G
1163,G
1164,G
1165,G
1166,G
1167,G
1168,G
1169,G
1170,G
1171,G
1172,G
1173,G
1174,G
1175,G
1176,G
1177,G
1178,G
1179,G
1180,G
1181,G
1182,G
1183,G
1184,G
1185,G
1186,G
1187,G
1188,G
1189,G
1190,G
1191,H
1192,H
1193,H
1194,H
1195,H
1196,H
1197,H
1198,H
1199,H
1200,H
1201,H
1202,H
1203,H
1204,H
1205,H
1206,H
1207,H
1208,H
1209,H
1210,H
1211,H
1212,H
1213,H
1214,H
1215,H
1216,H
1217,H
1218,H
1219,H
1220,H
1221,H
1222,H
1223,H
1224,H
1225,H
1226,H
1227,H
1228,H
1229,H
1230,H
1231,H
1232,H
1233,H
1234,H
1235,H
1236,H
1237,H
1238,H
1239,H
1240,H
1241,H
1242,H
1243,H
1244,H
1245,H
1246,H
1247,H
1248,H
1249,H
1250,H
1251,H
1252,H
1253,H
1254,H
1255,H
1256,H
1257,H
1258,H
1259,H
1260,H
1261,H
1262,H
1263,H
1264,H
1265,H
1266,H
1267,H
1268,H
1269,H
1270,H
1271,H
1272,H
1273,H
1274,H
1275,H
1276,H
1277,H
1278,H
1279,H
1280,H
1281,H
1282,H
1283,H
1284,H
1285,H
1286,H
1287,H
1288,H
1289,H
1290,H
1291,H
1292,H
1293,H
1294,H
1295,H
1296,H
1297,H
1298,H
1299,H
1300,H
1301,H
1302,H
1303,H
1304,H
1305,H
1306,H
1307,H
1308,H
1309,H
1310,H
1311,H
1312,H
1313,H
1314,H
1315,H
1316,H
1317,H
1318,H
1319,H
1320,H
1321,H
1322,H
1323,H
1324,H
1325,H
1326,H
1327,H
1328,H
1329,H
1330,H
1331,H
1332,H
1333,H
1334,H
1335,H
1336,H
1337,H
1338,H
1339,H
1340,H
1341,H
1342,H
1343,H
1344,H
1345,H
1346,H
1347,H
1348,H
1349,H
1350,H
1351,H
1352,H
1353,H
1354,H
1355,H
1356,H
1357,H
1358,H
1359,H
1360,H
1361,H
1362,H
1363,H
1364,H
1365,H
1366,H
1367,H
1368,H
1369,H
1370,H
1371,H
1372,H
1373,H
1374,H
1375,H
1376,H
1377,H
1378,H
1379,H
1380,H
1381,H
1382,H
1383,H
1384,H
1385,H
1386,H
1387,H
1388,H
1389,H
1390,H
1391,H
1392,H
1393,H
1394,H
1395,H
1396,H
1397,H
1398,H
1399,H
1400,H
1401,H
1402,H
1403,H
1404,H
1405,H
1406,H
1407,H
1408,H
1409,H
1410,H
1411,H
1412,H
1413,H
1414,H
1415,H
1416,H
1417,H
1418,H
1419,H
1420,H
1421,H
1422,H
1423,H
1424,H
1425,H
1426,H
1427,H
1428,H
1429,H
1430,H
1431,H
1432,H
1433,H
1434,H
1435,H
1436,H
1437,H
1438,H
1439,H
1440,H
1441,H
1442,H
1443,H
1444,H
1445,H
1446,H
1447,H
1448,H
1449,H
1450,H
1451,H
1452,H
1453,H
1454,H
1455,H
1456,H
1457,H
1458,H
1459,H
1460,H
1461,H
1462,H
1463,H
1464,H
1465,H
1466,H
1467,H
1468,H
1469,H
1470,H
1471,H
1472,H
1473,H
1474,H
1475,H
1476,H
1477,H
1478,H
1479,H
1480,H
1481,H
1482,H
1483,H
1484,H
1485,H
1486,H
1487,H
1488,H
1489,H
1490,H
1491,H
1492,H
1493,H
1494,H
1495,H
1496,H
1497,H
1498,H
1499,H
1500,H
1501,H
1502,H
1503,H
1504,H
1505,H
1506,H
1507,H
1508,H
1509,H
1510,H
1511,H
1512,H
1513,H
1514,H
1515,H
1516,H
1517,H
1518,H
1519,H
1520,H
1521,H
1522,H
1523,H
1524,H
1525,H
1526,H
1527,H
1528,H
1529,H
1530,H
1531,H
1532,H
1533,H
1534,H
1535,H
1536,H
1537,H
1538,H
1539,H
1540,H
1541,H
1542,H
1543,H
1544,H
1545,H
1546,H
1547,H
1548,H
1549,H
1550,H
1551,H
1552,H
1553,H
1554,H
1555,H
1556,H
1557,H
1558,H
1559,H
1560,H
1561,H
1562,H
1563,H
1564,H
1565,H
1566,H
1567,H
1568,H
1569,H
1570,H
1571,H
1572,H
1573,H
1574,H
1575,H
1576,H
1577,H
1578,H
1579,H
1580,H
1581,H
1582,H
1583,H
1584,H
1585,H
1586,H
1587,H
1588,H
1589,H
1590,H
1591,H
1592,H
1593,H
1594,H
1595,H
1596,H
1597,H
1598,H
1599,H
1600,H
1601,H
1602,H
1603,H
1604,H
1605,H
1606,H
1607,H
1608,H
1609,H
1610,H
1611,H
1612,H
1613,H
1614,H
1615,H
1616,H
1617,H
1618,H
1619,H
1620,H
1621,H
1622,H
1623,H
1624,H
1625,H
1626,H
1627,H
1628,H
1629,H
1630,H
1631,H
1632,H
1633,H
1634,H
1635,H
1636,H
1637,H
1638,H
1639,H
1640,H
1641,H
1642,H
1643,H
1644,H
1645,H
1646,H
1647,H
1648,H
1649,H
1650,H
1651,H
1652,H
1653,H
1654,H
1655,H
1656,H
1657,H
1658,H
1659,H
1660,H
1661,H
1662,H
1663,H
1664,H
1665,H
1666,H
1667,H
1668,H
1669,H
1670,H
1671,H
1672,H
1673,H
1674,H
1675,H
1676,H
1677,H
1678,H
1679,H
1680,H
1681,H
1682,H
1683,H
1684,H
1685,H
1686,H
1687,H
1688,H
1689,H
1690,H
1691,H
1692,H
1693,H
1694,H
1695,H
1696,H
1697,H
1698,H
1699,H
1700,H
1701,H
1702,H
1703,H
1704,H
1705,H
1706,H
1707,H
1708,H
1709,H
1710,H
1711,H
1712,H
1713,H
1714,H
1715,H
1716,H
1717,H
1718,H
1719,H
1720,H
1721,H
1722,H
1723,H
1724,H
1725,H
1726,H
1727,H
1728,H
1729,H
1730,H
1731,H
1732,H
1733,H
1734,H
1735,H
1736,H
1737,H
1738,H
1739,H
1740,H
1741,H
1742,H
1743,H
1744,H
1745,H
1746,H
1747,H
1748,H
1749,H
1750,H
1751,H
1752,H
1753,H
1754,H
1755,H
1756,H
1757,H
1758,H
1759,H
1760,H
1761,H
1762,H
1763,H
1764,H
1765,H
1766,H
1767,H
1768,H
1769,H
1770,H
1771,H
1772,H
1773,H
1774,H
1775,H
1776,H
1777,H
1778,H
1779,H
1780,H
1781,H
1782,H
1783,H
1784,H
1785,H
1786,N
1787,N
1788,N
1789,N
1790,N
1791,N
1792,N
1793,N
1794,N
1795,N
1796,N
1797,N
1798,N
1799,N
1800,N
1801,N
1802,N
1803,N
1804,N
1805,N
1806,N
1807,N
1808,N
1809,N
1810,N
1811,N
1812,N
1813,N
1814,N
1815,N
1816,N
1817,N
1818,N
1819,N
1820,N
1821,N
1822,N
1823,N
1824,N
1825,N
1826,N
1827,N
1828,N
1829,N
1830,N
1831,N
1832,N
1833,N
1834,N
1835,N
1836,N
1837,N
1838,N
1839,N
1840,N
1841,N
1842,N
1843,N
1844,N
1845,N
1846,N
1847,N
1848,N
1849,N
1850,N
1851,N
1852,N
1853,N
1854,N
1855,N
1856,N
1857,N
1858,N
1859,N
1860,N
1861,N
1862,N
1863,N
1864,N
1865,N
1866,N
1867,N
1868,N
1869,N
1870,N
1871,N
1872,N
1873,N
1874,N
1875,N
1876,N
1877,N
1878,N
1879,N
1880,N
1881,N
1882,N
1883,N
1884,N
1885,N
1886,N
1887,N
1888,N
1889,N
1890,N
1891,N
1892,N
1893,N
1894,N
1895,N
1896,N
1897,N
1898,N
1899,N
1900,N
1901,N
1902,N
1903,N
1904,N
1905,N
1906,N
1907,N
1908,N
1909,N
1910,N
1911,N
1912,N
1913,N
1914,N
1915,N
1916,N
1917,N
1918,N
1919,N
1920,N
1921,N
1922,N
1923,N
1924,N
1925,N
1926,N
1927,N
1928,N
1929,N
1930,N
1931,N
1932,N
1933,N
1934,N
1935,N
1936,N
1937,N
1938,N
1939,N
1940,N
1941,N
1942,N
1943,N
1944,N
1945,N
1946,N
1947,N
1948,N
1949,N
1950,N
1951,N
1952,N
1953,N
1954,N
1955,N
1956,N
1957,N
1958,N
1959,N
1960,N
1961,N
1962,N
1963,N
1964,N
1965,N
1966,N
1967,N
1968,N
1969,N
1970,N
1971,N
1972,N
1973,N
1974,N
1975,N
1976,N
1977,N
1978,N
1979,N
1980,N
1981,N
1982,N
1983,N
1984,N
1985,N
1986,N
1987,N
1988,N
1989,N
1990,N
1991,N
1992,N
1993,N
1994,N
1995,N
1996,N
1997,N
1998,N
1999,N
2000,N
2001,N
2002,N
2003,N
2004,N
2005,N
2006,N
2007,N
2008,N
2009,N
2010,N
2011,N
2012,N
2013,N
2014,N
2015,N
2016,N
2017,N
2018,N
2019,N
2020,N
2021,N
2022,N
2023,N
2024,N
2025,N
2026,N
2027,N
2028,N
2029,N
2030,N
2031,N
2032,N
2033,N
2034,N
2035,N
2036,N
2037,N
2038,N
2039,N
2040,N
2041,N
2042,N
2043,N
2044,N
2045,N
2046,N
2047,N
2048,N
2049,N
2050,N
2051,N
2052,N
2053,N
2054,N
2055,N
2056,N
2057,N
2058,N
2059,N
2060,N
2061,N
2062,N
2063,N
2064,N
2065,N
2066,N
2067,N
2068,N
2069,N
2070,N
2071,N
2072,N
2073,N
2074,N
2075,N
2076,N
2077,N
2078,N
2079,N
2080,N
2081,N
2082,N
2083,N
2084,N
2085,N
2086,N
2087,N
2088,N
2089,N
2090,N
2091,N
2092,N
2093,N
2094,N
2095,N
2096,N
2097,N
2098,N
2099,N
2100,N
2101,N
2102,N
2103,N
2104,N
2105,N
2106,N
2107,N
2108,N
2109,N
2110,N
2111,N
2112,N
2113,N
2114,N
2115,N
2116,N
2117,N
2118,N
2119,N
2120,N
2121,N
2122,N
2123,N
2124,N
2125,N
2126,N
2127,N
2128,N
2129,N
2130,N
2131,N
2132,N
2133,N
2134,N
2135,N
2136,N
2137,N
2138,N
2139,N
2140,N
2141,N
2142,N
2143,N
2144,N
2145,N
2146,N
2147,N
2148,N
2149,N
2150,N
2151,N
2152,N
2153,N
2154,N
2155,N
2156,N
2157,N
2158,N
2159,N
2160,N
2161,N
2162,N
2163,N
2164,N
2165,N
2166,N
2167,N
2168,N
2169,N
2170,N
2171,N
2172,N
2173,N
2174,N
2175,N
2176,N
2177,N
2178,N
2179,N
2180,N
2181,N
2182,N
2183,N
2184,N
2185,N
2186,N
2187,N
2188,N
2189,N
2190,N
2191,N
2192,N
2193,N
2194,N
2195,N
2196,N
2197,N
2198,N
2199,N
2200,N
2201,N
2202,N
2203,N
2204,N
2205,N
2206,N
2207,N
2208,N
2209,N
2210,N
2211,N
2212,N
2213,N
2214,N
2215,N
2216,N
2217,N
2218,N
2219,N
2220,N
2221,N
2222,N
2223,N
2224,N
2225,N
2226,N
2227,N
2228,N
2229,N
2230,N
2231,N
2232,N
2233,N
2234,N
2235,N
2236,N
2237,N
2238,N
2239,N
2240,N
2241,N
2242,N
2243,N
2244,N
2245,N
2246,N
2247,N
2248,N
2249,N
2250,N
2251,N
2252,N
2253,N
2254,N
2255,N
2256,N
2257,N
2258,N
2259,N
2260,N
2261,N
2262,N
2263,N
2264,N
2265,N
2266,N
2267,N
2268,N
2269,N
2270,N
2271,N
2272,N
2273,N
2274,N
2275,N
2276,N
2277,N
2278,N
2279,N
2280,N
2281,N
2282,N
2283,N
2284,N
2285,N
2286,N
2287,N
2288,N
2289,N
2290,N
2291,N
2292,N
2293,N
2294,N
2295,N
2296,N
2297,N
2298,N
2299,N
2300,N
2301,N
2302,N
2303,N
2304,N
2305,N
2306,N
2307,N
2308,N
2309,N
2310,N
2311,N
2312,N
2313,N
2314,N
2315,N
2316,N
2317,N
2318,N
2319,N
2320,N
2321,N
2322,N
2323,N
2324,N
2325,N
2326,N
2327,N
2328,N
2329,N
2330,N
2331,N
2332,N
2333,N
2334,N
2335,N
2336,N
2337,N
2338,N
2339,N
2340,N
2341,N
2342,N
2343,N
2344,N
2345,N
2346,N
2347,N
2348,N
2349,N
2350,N
2351,N
2352,N
2353,N
2354,N
2355,N
2356,N
2357,N
2358,N
2359,N
2360,N
2361,N
2362,N
2363,N
2364,N
2365,N
2366,N
2367,N
2368,N
2369,N
2370,N
2371,N
2372,N
2373,N
2374,N
2375,N
2376,N
2377,N
2378,N
2379,N
2380,N
2381,S
2382,S
2383,S
2384,S
2385,S
2386,S
2387,S
2388,S
2389,S
2390,S
2391,S
2392,S
2393,S
2394,S
2395,S
2396,S
2397,S
2398,S
2399,S
2400,S
2401,S
2402,S
2403,S
2404,S
2405,S
2406,S
2407,S
2408,S
2409,S
2410,S
2411,S
2412,S
2413,S
2414,S
2415,S
2416,S
2417,S
2418,S
2419,S
2420,S
2421,S
2422,S
2423,S
2424,S
2425,S
2426,S
2427,S
2428,S
2429,S
2430,S
2431,S
2432,S
2433,S
2434,S
2435,S
2436,S
2437,S
2438,S
2439,S
2440,S
2441,S
2442,S
2443,S
2444,S
2445,S
2446,S
2447,S
2448,S
2449,S
2450,S
2451,S
2452,S
2453,S
2454,S
2455,S
2456,S
2457,S
2458,S
2459,S
2460,S
2461,S
2462,S
2463,S
2464,S
2465,S
2466,S
2467,S
2468,S
2469,S
2470,S
2471,S
2472,S
2473,S
2474,S
2475,S
2476,S
2477,S
2478,S
2479,S
2480,S
2481,S
2482,S
2483,S
2484,S
2485,S
2486,S
2487,S
2488,S
2489,S
2490,S
2491,S
2492,S
2493,S
2494,S
2495,S
2496,S
2497,S
2498,S
2499,S
2500,S
2501,S
2502,S
2503,S
2504,S
2505,S
2506,S
2507,S
2508,S
2509,S
2510,S
2511,S
2512,S
2513,S
2514,S
2515,S
2516,S
2517,S
2518,S
2519,S
2520,S
2521,S
2522,S
2523,S
2524,S
2525,S
2526,S
2527,S
2528,S
2529,S
2530,S
2531,S
2532,S
2533,S
2534,S
2535,S
2536,S
2537,S
2538,S
2539,S
2540,S
2541,S
2542,S
2543,S
2544,S
2545,S
2546,S
2547,S
2548,S
2549,S
2550,S
2551,S
2552,S
2553,S
2554,S
2555,S
2556,S
2557,S
2558,S
2559,S
2560,S
2561,S
2562,S
2563,S
2564,S
2565,S
2566,S
2567,S
2568,S
2569,S
2570,S
2571,S
2572,S
2573,S
2574,S
2575,S
2576,S
2577,S
2578,S
2579,S
2580,S
2581,S
2582,S
2583,S
2584,S
2585,S
2586,S
2587,S
2588,S
2589,S
2590,S
2591,S
2592,S
2593,S
2594,S
2595,S
2596,S
2597,S
2598,S
2599,S
2600,S
2601,S
2602,S
2603,S
2604,S
2605,S
2606,S
2607,S
2608,S
2609,S
2610,S
2611,S
2612,S
2613,S
2614,S
2615,S
2616,S
2617,S
2618,S
2619,S
2620,S
2621,S
2622,S
2623,S
2624,S
2625,S
2626,S
2627,S
2628,S
2629,S
2630,S
2631,S
2632,S
2633,S
2634,S
2635,S
2636,S
2637,S
2638,S
2639,S
2640,S
2641,S
2642,S
2643,S
2644,S
2645,S
2646,S
2647,S
2648,S
2649,S
2650,S
2651,S
2652,S
2653,S
2654,S
2655,S
2656,S
2657,S
2658,S
2659,S
2660,S
2661,S
2662,S
2663,S
2664,S
2665,S
2666,S
2667,S
2668,S
2669,S
2670,S
2671,S
2672,S
2673,S
2674,S
2675,S
2676,S
2677,S
2678,S
2679,S
2680,S
2681,S
2682,S
2683,S
2684,S
2685,S
2686,S
2687,S
2688,S
2689,S
2690,S
2691,S
2692,S
2693,S
2694,S
2695,S
2696,S
2697,S
2698,S
2699,S
2700,S
2701,S
2702,S
2703,S
2704,S
2705,S
2706,S
2707,S
2708,S
2709,S
2710,S
2711,S
2712,S
2713,S
2714,S
2715,S
2716,S
2717,S
2718,S
2719,S
2720,S
2721,S
2722,S
2723,S
2724,S
2725,S
2726,S
2727,S
2728,S
2729,S
2730,S
2731,S
2732,S
2733,S
2734,S
2735,S
2736,S
2737,S
2738,S
2739,S
2740,S
2741,S
2742,S
2743,S
2744,S
2745,S
2746,S
2747,S
2748,S
2749,S
2750,S
2751,S
2752,S
2753,S
2754,S
2755,S
2756,S
2757,S
2758,S
2759,S
2760,S
2761,S
2762,S
2763,S
2764,S
2765,S
2766,S
2767,S
2768,S
2769,S
2770,S
2771,S
2772,S
2773,S
2774,S
2775,S
2776,S
2777,S
2778,S
2779,S
2780,S
2781,S
2782,S
2783,S
2784,S
2785,S
2786,S
2787,S
2788,S
2789,S
2790,S
2791,S
2792,S
2793,S
2794,S
2795,S
2796,S
2797,S
2798,S
2799,S
2800,S
2801,S
2802,S
2803,S
2804,S
2805,S
2806,S
2807,S
2808,S
2809,S
2810,S
2811,S
2812,S
2813,S
2814,S
2815,S
2816,S
2817,S
2818,S
2819,S
2820,S
2821,S
2822,S
2823,S
2824,S
2825,S
2826,S
2827,S
2828,S
2829,S
2830,S
2831,S
2832,S
2833,S
2834,S
2835,S
2836,S
2837,S
2838,S
2839,S
2840,S
2841,S
2842,S
2843,S
2844,S
2845,S
2846,S
2847,S
2848,S
2849,S
2850,S
2851,S
2852,S
2853,S
2854,S
2855,S
2856,S
2857,S
2858,S
2859,S
2860,S
2861,S
2862,S
2863,S
2864,S
2865,S
2866,S
2867,S
2868,S
2869,S
2870,S
2871,S
2872,S
2873,S
2874,S
2875,S
2876,S
2877,S
2878,S
2879,S
2880,S
2881,S
2882,S
2883,S
2884,S
2885,S
2886,S
2887,S
2888,S
2889,S
2890,S
2891,S
2892,S
2893,S
2894,S
2895,S
2896,S
2897,S
2898,S
2899,S
2900,S
2901,S
2902,S
2903,S
2904,S
2905,S
2906,S
2907,S
2908,S
2909,S
2910,S
2911,S
2912,S
2913,S
2914,S
2915,S
2916,S
2917,S
2918,S
2919,S
2920,S
2921,S
2922,S
2923,S
2924,S
2925,S
2926,S
2927,S
2928,S
2929,S
2930,S
2931,S
2932,S
2933,S
2934,S
2935,S
2936,S
2937,S
2938,S
2939,S
2940,S
2941,S
2942,S
2943,S
2944,S
2945,S
2946,S
2947,S
2948,S
2949,S
2950,S
2951,S
2952,S
2953,S
2954,S
2955,S
2956,S
2957,S
2958,S
2959,S
2960,S
2961,S
2962,S
2963,S
2964,S
2965,S
2966,S
2967,S
2968,S
2969,S
2970,S
2971,S
2972,S
2973,S
2974,S
2975,S
2976,NN
2977,NN
2978,NN
2979,NN
2980,NN
2981,NN
2982,NN
2983,NN
2984,NN
2985,NN
2986,NN
2987,NN
2988,NN
2989,NN
2990,NN
2991,NN
2992,NN
2993,NN
2994,NN
2995,NN
2996,NN
2997,NN
2998,NN
2999,NN
3000,NN
3001,NN
3002,NN
3003,NN
3004,NN
3005,NN
3006,NN
3007,NN
3008,NN
3009,NN
3010,NN
3011,NN
3012,NN
3013,NN
3014,NN
3015,NN
3016,NN
3017,NN
3018,NN
3019,NN
3020,NN
3021,NN
3022,NN
3023,NN
3024,NN
3025,NN
3026,NN
3027,NN
3028,NN
3029,NN
3030,NN
3031,NN
3032,NN
3033,NN
3034,NN
3035,NN
3036,NN
3037,NN
3038,NN
3039,NN
3040,NN
3041,NN
3042,NN
3043,NN
3044,NN
3045,NN
3046,NN
3047,NN
3048,NN
3049,NN
3050,NN
3051,NN
3052,NN
3053,NN
3054,NN
3055,NN
3056,NN
3057,NN
3058,NN
3059,NN
3060,NN
3061,NN
3062,NN
3063,NN
3064,NN
3065,NN
3066,NN
3067,NN
3068,NN
3069,NN
3070,NN
3071,NN
3072,NN
3073,NN
3074,NN
3075,NN
3076,NN
3077,NN
3078,NN
3079,NN
3080,NN
3081,NN
3082,NN
3083,NN
3084,NN
3085,NN
3086,NN
3087,NN
3088,NN
3089,NN
3090,NN
3091,NN
3092,NN
3093,NN
3094,NN
3095,NN
3096,NN
3097,NN
3098,NN
3099,NN
3100,NN
3101,NN
3102,NN
3103,NN
3104,NN
3105,NN
3106,NN
3107,NN
3108,NN
3109,NN
3110,NN
3111,NN
3112,NN
3113,NN
3114,NN
3115,NN
3116,NN
3117,NN
3118,NN
3119,NN
3120,NN
3121,NN
3122,NN
3123,NN
3124,NN
3125,NN
3126,NN
3127,NN
3128,NN
3129,NN
3130,NN
3131,NN
3132,NN
3133,NN
3134,NN
3135,NN
3136,NN
3137,NN
3138,NN
3139,NN
3140,NN
3141,NN
3142,NN
3143,NN
3144,NN
3145,NN
3146,NN
3147,NN
3148,NN
3149,NN
3150,NN
3151,NN
3152,NN
3153,NN
3154,NN
3155,NN
3156,NN
3157,NN
3158,NN
3159,NN
3160,NN
3161,NN
3162,NN
3163,NN
3164,NN
3165,NN
3166,NN
3167,NN
3168,NN
3169,NN
3170,NN
3171,NN
3172,NN
3173,NN
3174,NN
3175,NN
3176,NN
3177,NN
3178,NN
3179,NN
3180,NN
3181,NN
3182,NN
3183,NN
3184,NN
3185,NN
3186,NN
3187,NN
3188,NN
3189,NN
3190,NN
3191,NN
3192,NN
3193,NN
3194,NN
3195,NN
3196,NN
3197,NN
3198,NN
3199,NN
3200,NN
3201,NN
3202,NN
3203,NN
3204,NN
3205,NN
3206,NN
3207,NN
3208,NN
3209,NN
3210,NN
3211,NN
3212,NN
3213,NN
3214,NN
3215,NN
3216,NN
3217,NN
3218,NN
3219,NN
3220,NN
3221,NN
3222,NN
3223,NN
3224,NN
3225,NN
3226,NN
3227,NN
3228,NN
3229,NN
3230,NN
3231,NN
3232,NN
3233,NN
3234,NN
3235,NN
3236,NN
3237,NN
3238,NN
3239,NN
3240,NN
3241,NN
3242,NN
3243,NN
3244,NN
3245,NN
3246,NN
3247,NN
3248,NN
3249,NN
3250,NN
3251,NN
3252,NN
3253,NN
3254,NN
3255,NN
3256,NN
3257,NN
3258,NN
3259,NN
3260,NN
3261,NN
3262,NN
3263,NN
3264,NN
3265,NN
3266,NN
3267,NN
3268,NN
3269,NN
3270,NN
3271,NN
3272,NN
3273,NN
3274,NN
3275,NN
3276,NN
3277,NN
3278,NN
3279,NN
3280,NN
3281,NN
3282,NN
3283,NN
3284,NN
3285,NN
3286,NN
3287,NN
3288,NN
3289,NN
3290,NN
3291,NN
3292,NN
3293,NN
3294,NN
3295,NN
3296,NN
3297,NN
3298,NN
3299,NN
3300,NN
3301,NN
3302,NN
3303,NN
3304,NN
3305,NN
3306,NN
3307,NN
3308,NN
3309,NN
3310,NN
3311,NN
3312,NN
3313,NN
3314,NN
3315,NN
3316,NN
3317,NN
3318,NN
3319,NN
3320,NN
3321,NN
3322,NN
3323,NN
3324,NN
3325,NN
3326,NN
3327,NN
3328,NN
3329,NN
3330,NN
3331,NN
3332,NN
3333,NN
3334,NN
3335,NN
3336,NN
3337,NN
3338,NN
3339,NN
3340,NN
3341,NN
3342,NN
3343,NN
3344,NN
3345,NN
3346,NN
3347,NN
3348,NN
3349,NN
3350,NN
3351,NN
3352,NN
3353,NN
3354,NN
3355,NN
3356,NN
3357,NN
3358,NN
3359,NN
3360,NN
3361,NN
3362,NN
3363,NN
3364,NN
3365,NN
3366,NN
3367,NN
3368,NN
3369,NN
3370,NN
3371,NN
3372,NN
3373,NN
3374,NN
3375,NN
3376,NN
3377,NN
3378,NN
3379,NN
3380,NN
3381,NN
3382,NN
3383,NN
3384,NN
3385,NN
3386,NN
3387,NN
3388,NN
3389,NN
3390,NN
3391,NN
3392,NN
3393,NN
3394,NN
3395,NN
3396,NN
3397,NN
3398,NN
3399,NN
3400,NN
3401,NN
3402,NN
3403,NN
3404,NN
3405,NN
3406,NN
3407,NN
3408,NN
3409,NN
3410,NN
3411,NN
3412,NN
3413,NN
3414,NN
3415,NN
3416,NN
3417,NN
3418,NN
3419,NN
3420,NN
3421,NN
3422,NN
3423,NN
3424,NN
3425,NN
3426,NN
3427,NN
3428,NN
3429,NN
3430,NN
3431,NN
3432,NN
3433,NN
3434,NN
3435,NN
3436,NN
3437,NN
3438,NN
3439,NN
3440,NN
3441,NN
3442,NN
3443,NN
3444,NN
3445,NN
3446,NN
3447,NN
3448,NN
3449,NN
3450,NN
3451,NN
3452,NN
3453,NN
3454,NN
3455,NN
3456,NN
3457,NN
3458,NN
3459,NN
3460,NN
3461,NN
3462,NN
3463,NN
3464,NN
3465,NN
3466,NN
3467,NN
3468,NN
3469,NN
3470,NN
3471,NN
3472,NN
3473,NN
3474,NN
3475,NN
3476,NN
3477,NN
3478,NN
3479,NN
3480,NN
3481,NN
3482,NN
3483,NN
3484,NN
3485,NN
3486,NN
3487,NN
3488,NN
3489,NN
3490,NN
3491,NN
3492,NN
3493,NN
3494,NN
3495,NN
3496,NN
3497,NN
3498,NN
3499,NN
3500,NN
3501,NN
3502,NN
3503,NN
3504,NN
3505,NN
3506,NN
3507,NN
3508,NN
3509,NN
3510,NN
3511,NN
3512,NN
3513,NN
3514,NN
3515,NN
3516,NN
3517,NN
3518,NN
3519,NN
3520,NN
3521,NN
3522,NN
3523,NN
3524,NN
3525,NN
3526,NN
3527,NN
3528,NN
3529,NN
3530,NN
3531,NN
3532,NN
3533,NN
3534,NN
3535,NN
3536,NN
3537,NN
3538,NN
3539,NN
3540,NN
3541,NN
3542,NN
3543,NN
3544,NN
3545,NN
3546,NN
3547,NN
3548,NN
3549,NN
3550,NN
3551,NN
3552,NN
3553,NN
3554,NN
3555,NN
3556,NN
3557,NN
3558,NN
3559,NN
3560,NN
3561,NN
3562,NN
3563,NN
3564,NN
3565,NN
3566,NN
3567,NN
3568,NN
3569,NN
3570,NN
3571,NN
3572,NN
3573,NN
3574,NN
3575,NN
3576,NN
3577,NN
3578,NN
3579,NN
3580,NN
3581,NN
3582,NN
3583,NN
3584,NN
3585,NN
3586,NN
3587,NN
3588,NN
3589,NN
3590,NN
3591,NN
3592,NN
3593,NN
3594,NN
3595,NN
3596,NN
3597,NN
3598,NN
3599,NN
3600,NN
3601,NN
3602,NN
3603,NN
3604,NN
3605,NN
3606,NN
3607,NN
3608,NN
3609,NN
3610,NN
3611,NN
3612,NN
3613,NN
3614,NN
3615,NN
3616,NN
3617,NN
3618,NN
3619,NN
3620,NN
3621,NN
3622,NN
3623,NN
3624,NN
3625,NN
3626,NN
3627,NN
3628,NN
3629,NN
3630,NN
3631,NN
3632,NN
3633,NN
3634,NN
3635,NN
3636,NN
3637,NN
3638,NN
3639,NN
3640,NN
3641,NN
3642,NN
3643,NN
3644,NN
3645,NN
3646,NN
3647,NN
3648,NN
3649,NN
3650,NN
3651,NN
3652,NN
3653,NN
3654,NN
3655,NN
3656,NN
3657,NN
3658,NN
3659,NN
3660,NN
3661,NN
3662,NN
3663,NN
3664,NN
3665,NN
3666,NN
3667,NN
3668,NN
3669,NN
3670,NN
3671,NN
3672,NN
3673,NN
3674,NN
3675,NN
3676,NN
3677,NN
3678,NN
3679,NN
3680,NN
3681,NN
3682,NN
3683,NN
3684,NN
3685,NN
3686,NN
3687,NN
3688,NN
3689,NN
3690,NN
3691,NN
3692,NN
3693,NN
3694,NN
3695,NN
3696,NN
3697,NN
3698,NN
3699,NN
3700,NN
3701,NN
3702,NN
3703,NN
3704,NN
3705,NN
3706,NN
3707,NN
3708,NN
3709,NN
3710,NN
3711,NN
3712,NN
3713,NN
3714,NN
3715,NN
3716,NN
3717,NN
3718,NN
3719,NN
3720,NN
3721,NN
3722,NN
3723,NN
3724,NN
3725,NN
3726,NN
3727,NN
3728,NN
3729,NN
3730,NN
3731,NN
3732,NN
3733,NN
3734,NN
3735,NN
3736,NN
3737,NN
3738,NN
3739,NN
3740,NN
3741,NN
3742,NN
3743,NN
3744,NN
3745,NN
3746,NN
3747,NN
3748,NN
3749,NN
3750,NN
3751,NN
3752,NN
3753,NN
3754,NN
3755,NN
3756,NN
3757,NN
3758,NN
3759,NN
3760,NN
3761,NN
3762,NN
3763,NN
3764,NN
3765,NN
3766,NN
3767,NN
3768,NN
3769,NN
3770,NN
3771,NN
3772,NN
3773,NN
3774,NN
3775,NN
3776,NN
3777,NN
3778,NN
3779,NN
3780,NN
3781,NN
3782,NN
3783,NN
3784,NN
3785,NN
3786,NN
3787,NN
3788,NN
3789,NN
3790,NN
3791,NN
3792,NN
3793,NN
3794,NN
3795,NN
3796,NN
3797,NN
3798,NN
3799,NN
3800,NN
3801,NN
3802,NN
3803,NN
3804,NN
3805,NN
3806,NN
3807,NN
3808,NN
3809,NN
3810,NN
3811,NN
3812,NN
3813,NN
3814,NN
3815,NN
3816,NN
3817,NN
3818,NN
3819,NN
3820,NN
3821,NN
3822,NN
3823,NN
3824,NN
3825,NN
3826,NN
3827,NN
3828,NN
3829,NN
3830,NN
3831,NN
3832,NN
3833,NN
3834,NN
3835,NN
3836,NN
3837,NN
3838,NN
3839,NN
3840,NN
3841,NN
3842,NN
3843,NN
3844,NN
3845,NN
3846,NN
3847,NN
3848,NN
3849,NN
3850,NN
3851,NN
3852,NN
3853,NN
3854,NN
3855,NN
3856,NN
3857,NN
3858,NN
3859,NN
3860,NN
3861,NN
3862,NN
3863,NN
3864,NN
3865,NN
3866,NN
3867,NN
3868,NN
3869,NN
3870,NN
3871,NN
3872,NN
3873,NN
3874,NN
3875,NN
3876,NN
3877,NN
3878,NN
3879,NN
3880,NN
3881,NN
3882,NN
3883,NN
3884,NN
3885,NN
3886,NN
3887,NN
3888,NN
3889,NN
3890,NN
3891,NN
3892,NN
3893,NN
3894,NN
3895,NN
3896,NN
3897,NN
3898,NN
3899,NN
3900,NN
3901,NN
3902,NN
3903,NN
3904,NN
3905,NN
3906,NN
3907,NN
3908,NN
3909,NN
3910,NN
3911,NN
3912,NN
3913,NN
3914,NN
3915,NN
3916,NN
3917,NN
3918,NN
3919,NN
3920,NN
3921,NN
3922,NN
3923,NN
3924,NN
3925,NN
3926,NN
3927,NN
3928,NN
3929,NN
3930,NN
3931,NN
3932,NN
3933,NN
3934,NN
3935,NN
3936,NN
3937,NN
3938,NN
3939,NN
3940,NN
3941,NN
3942,NN
3943,NN
3944,NN
3945,NN
3946,NN
3947,NN
3948,NN
3949,NN
3950,NN
3951,NN
3952,NN
3953,NN
3954,NN
3955,NN
3956,NN
3957,NN
3958,NN
3959,NN
3960,NN
3961,NN
3962,NN
3963,NN
3964,NN
3965,NN
3966,NN
3967,NN
3968,NN
3969,NN
3970,NN
3971,NN
3972,NN
3973,NN
3974,NN
3975,NN
3976,NN
3977,NN
3978,NN
3979,NN
3980,NN
3981,NN
3982,NN
3983,NN
3984,NN
3985,NN
3986,NN
3987,NN
3988,NN
3989,NN
3990,NN
3991,NN
3992,NN
3993,NN
3994,NN
3995,NN
3996,NN
3997,NN
3998,NN
3999,NN
4000,NN
4001,NN
4002,NN
4003,NN
4004,NN
4005,NN
4006,NN
4007,NN
4008,NN
4009,NN
4010,NN
4011,NN
4012,NN
4013,NN
4014,NN
4015,NN
4016,NN
4017,NN
4018,NN
4019,NN
4020,NN
4021,NN
4022,NN
4023,NN
4024,NN
4025,NN
4026,NN
4027,NN
4028,NN
4029,NN
4030,NN
4031,NN
4032,NN
4033,NN
4034,NN
4035,NN
4036,NN
4037,NN
4038,NN
4039,NN
4040,NN
4041,NN
4042,NN
4043,NN
4044,NN
4045,NN
4046,NN
4047,NN
4048,NN
4049,NN
4050,NN
4051,NN
4052,NN
4053,NN
4054,NN
4055,NN
4056,NN
4057,NN
4058,NN
4059,NN
4060,NN
4061,NN
4062,NN
4063,NN
4064,NN
4065,NN
4066,NN
4067,NN
4068,NN
4069,NN
4070,NN
4071,NN
4072,NN
4073,NN
4074,NN
4075,NN
4076,NN
4077,NN
4078,NN
4079,NN
4080,NN
4081,NN
4082,NN
4083,NN
4084,NN
4085,NN
4086,NN
4087,NN
4088,NN
4089,NN
4090,NN
4091,NN
4092,NN
4093,NN
4094,NN
4095,NN
4096,NN
4097,NN
4098,NN
4099,NN
4100,NN
4101,NN
4102,NN
4103,NN
4104,NN
4105,NN
4106,NN
4107,NN
4108,NN
4109,NN
4110,NN
4111,NN
4112,NN
4113,NN
4114,NN
4115,NN
4116,NN
4117,NN
4118,NN
4119,NN
4120,NN
4121,NN
4122,NN
4123,NN
4124,NN
4125,NN
4126,NN
4127,NN
4128,NN
4129,NN
4130,NN
4131,NN
4132,NN
4133,NN
4134,NN
4135,NN
4136,NN
4137,NN
4138,NN
4139,NN
4140,NN
4141,NN
4142,NN
4143,NN
4144,NN
4145,NN
4146,NN
4147,NN
4148,NN
4149,NN
4150,NN
4151,NN
4152,NN
4153,NN
4154,NN
4155,NN
4156,NN
4157,NN
4158,NN
4159,NN
4160,NN
4161,NN
4162,NN
4163,NN
4164,NN
4165,NN
4166,NN
4167,NN
4168,NN
4169,NN
4170,NN
4171,NN
4172,NN
4173,NN
4174,NN
4175,NN
4176,NN
4177,NN
4178,NN
4179,NN
4180,NN
4181,NN
4182,NN
4183,NN
4184,NN
4185,NN
4186,NN
4187,NN
4188,NN
4189,NN
4190,NN
4191,NN
4192,NN
4193,NN
4194,NN
4195,NN
4196,NN
4197,NN
4198,NN
4199,NN
4200,NN
4201,NN
4202,NN
4203,NN
4204,NN
4205,NN
4206,NN
4207,NN
4208,NN
4209,NN
4210,NN
4211,NN
4212,NN
4213,NN
4214,NN
4215,NN
4216,NN
4217,NN
4218,NN
4219,NN
4220,NN
4221,NN
4222,NN
4223,NN
4224,NN
4225,NN
4226,NN
4227,NN
4228,NN
4229,NN
4230,NN
4231,NN
4232,NN
4233,NN
4234,NN
4235,NN
4236,NN
4237,NN
4238,NN
4239,NN
4240,NN
4241,NN
4242,NN
4243,NN
4244,NN
4245,NN
4246,NN
4247,NN
4248,NN
4249,NN
4250,NN
4251,NN
4252,NN
4253,NN
4254,NN
4255,NN
4256,NN
4257,NN
4258,NN
4259,NN
4260,NN
4261,NN
4262,NN
4263,NN
4264,NN
4265,NN
4266,NN
4267,NN
4268,NN
4269,NN
4270,NN
4271,NN
4272,NN
4273,NN
4274,NN
4275,NN
4276,NN
4277,NN
4278,NN
4279,NN
4280,NN
4281,NN
4282,NN
4283,NN
4284,NN
4285,NN
4286,NN
4287,NN
4288,NN
4289,NN
4290,NN
4291,NN
4292,NN
4293,NN
4294,NN
4295,NN
4296,NN
4297,NN
4298,NN
4299,NN
4300,NN
4301,NN
4302,NN
4303,NN
4304,NN
4305,NN
4306,NN
4307,NN
4308,NN
4309,NN
4310,NN
4311,NN
4312,NN
4313,NN
4314,NN
4315,NN
4316,NN
4317,NN
4318,NN
4319,NN
4320,NN
4321,NN
4322,NN
4323,NN
4324,NN
4325,NN
4326,NN
4327,NN
4328,NN
4329,NN
4330,NN
4331,NN
4332,NN
4333,NN
4334,NN
4335,NN
4336,NN
4337,NN
4338,NN
4339,NN
4340,NN
4341,NN
4342,NN
4343,NN
4344,NN
4345,NN
4346,NN
4347,NN
4348,NN
4349,NN
4350,NN
4351,NN
4352,NN
4353,NN
4354,NN
4355,NN
4356,NN
4357,NN
4358,NN
4359,NN
4360,NN
4361,NN
4362,NN
4363,NN
4364,NN
4365,NN
4366,NN
4367,NN
4368,NN
4369,NN
4370,NN
4371,NN
4372,NN
4373,NN
4374,NN
4375,NN
4376,NN
4377,NN
4378,NN
4379,NN
4380,NN
4381,NN
4382,NN
4383,NN
4384,NN
4385,NN
4386,NN
4387,NN
4388,NN
4389,NN
4390,NN
4391,NN
4392,NN
4393,NN
4394,NN
4395,NN
4396,NN
4397,NN
4398,NN
4399,NN
4400,NN
4401,NN
4402,NN
4403,NN
4404,NN
4405,NN
4406,NN
4407,NN
4408,NN
4409,NN
4410,NN
4411,NN
4412,NN
4413,NN
4414,NN
4415,NN
4416,NN
4417,NN
4418,NN
4419,NN
4420,NN
4421,NN
4422,NN
4423,NN
4424,NN
4425,NN
4426,NN
4427,NN
4428,NN
4429,NN
4430,NN
4431,NN
4432,NN
4433,NN
4434,NN
4435,NN
4436,NN
4437,NN
4438,NN
4439,NN
4440,NN
4441,NN
4442,NN
4443,NN
4444,NN
4445,NN
4446,NN
4447,NN
4448,NN
4449,NN
4450,NN
4451,NN
4452,NN
4453,NN
4454,NN
4455,NN
4456,NN
4457,NN
4458,NN
4459,NN
4460,NN
4461,NN
4462,NN
4463,NN
4464,NN
4465,NN
4466,NN
4467,NN
4468,NN
4469,NN
4470,NN
4471,NN
4472,NN
4473,NN
4474,NN
4475,NN
4476,NN
4477,NN
4478,NN
4479,NN
4480,NN
4481,NN
4482,NN
4483,NN
4484,NN
4485,NN
4486,NN
4487,NN
4488,NN
4489,NN
4490,NN
4491,NN
4492,NN
4493,NN
4494,NN
4495,NN
4496,NN
4497,NN
4498,NN
4499,NN
4500,NN
4501,NN
4502,NN
4503,NN
4504,NN
4505,NN
4506,NN
4507,NN
4508,NN
4509,NN
4510,NN
4511,NN
4512,NN
4513,NN
4514,NN
4515,NN
4516,NN
4517,NN
4518,NN
4519,NN
4520,NN
4521,NN
4522,NN
4523,NN
4524,NN
4525,NN
4526,NN
4527,NN
4528,NN
4529,NN
4530,NN
4531,NN
4532,NN
4533,NN
4534,NN
4535,NN
4536,NN
4537,NN
4538,NN
4539,NN
4540,NN
4541,NN
4542,NN
4543,NN
4544,NN
4545,NN
4546,NN
4547,NN
4548,NN
4549,NN
4550,NN
4551,NN
4552,NN
4553,NN
4554,NN
4555,NN
4556,NN
4557,NN
4558,NN
4559,NN
4560,NN
4561,NN
4562,NN
4563,NN
4564,NN
4565,NN
4566,NN
4567,NN
4568,NN
4569,NN
4570,NN
4571,NN
4572,NN
4573,NN
4574,NN
4575,NN
4576,NN
4577,NN
4578,NN
4579,NN
4580,NN
4581,NN
4582,NN
4583,NN
4584,NN
4585,NN
4586,NN
4587,NN
4588,NN
4589,NN
4590,NN
4591,NN
4592,NN
4593,NN
4594,NN
4595,NN
4596,NN
4597,NN
4598,NN
4599,NN
4600,NN
4601,NN
4602,NN
4603,NN
4604,NN
4605,NN
4606,NN
4607,NN
4608,NN
4609,NN
4610,NN
4611,NN
4612,NN
4613,NN
4614,NN
4615,NN
4616,NN
4617,NN
4618,NN
4619,NN
4620,NN
4621,NN
4622,NN
4623,NN
4624,NN
4625,NN
4626,NN
4627,NN
4628,NN
4629,NN
4630,NN
4631,NN
4632,NN
4633,NN
4634,NN
4635,NN
4636,NN
4637,NN
4638,NN
4639,NN
4640,NN
4641,NN
4642,NN
4643,NN
4644,NN
4645,NN
4646,NN
4647,NN
4648,NN
4649,NN
4650,NN
4651,NN
4652,NN
4653,NN
4654,NN
4655,NN
4656,NN
4657,NN
4658,NN
4659,NN
4660,NN
4661,NN
4662,NN
4663,NN
4664,NN
4665,NN
4666,NN
4667,NN
4668,NN
4669,NN
4670,NN
4671,NN
4672,NN
4673,NN
4674,NN
4675,NN
4676,NN
4677,NN
4678,NN
4679,NN
4680,NN
4681,NN
4682,NN
4683,NN
4684,NN
4685,NN
4686,NN
4687,NN
4688,NN
4689,NN
4690,NN
4691,NN
4692,NN
4693,NN
4694,NN
4695,NN
4696,NN
4697,NN
4698,NN
4699,NN
4700,NN
4701,NN
4702,NN
4703,NN
4704,NN
4705,NN
4706,NN
4707,NN
4708,NN
4709,NN
4710,NN
4711,NN
4712,NN
4713,NN
4714,NN
4715,NN
4716,NN
4717,NN
4718,NN
4719,NN
4720,NN
4721,NN
4722,NN
4723,NN
4724,NN
4725,NN
4726,NN
4727,NN
4728,NN
4729,NN
4730,NN
4731,NN
4732,NN
4733,NN
4734,NN
4735,NN
4736,NN
4737,NN
4738,NN
4739,NN
4740,NN
4741,NN
4742,NN
4743,NN
4744,NN
4745,NN
4746,NN
4747,NN
4748,NN
4749,NN
4750,NN
4751,NN
4752,NN
4753,NN
4754,NN
4755,NN
4756,NN
4757,NN
4758,NN
4759,NN
4760,NN
4761,NN
4762,NN
4763,NN
4764,NN
4765,NN
4766,NN
4767,NN
4768,NN
4769,NN
4770,NN
4771,NN
4772,NN
4773,NN
4774,NN
4775,NN
4776,NN
4777,NN
4778,NN
4779,NN
4780,NN
4781,NN
4782,NN
4783,NN
4784,NN
4785,NN
4786,NN
4787,NN
4788,NN
4789,NN
4790,NN
4791,NN
4792,NN
4793,NN
4794,NN
4795,NN
4796,NN
4797,NN
4798,NN
4799,NN
4800,NN
4801,NN
4802,NN
4803,NN
4804,NN
4805,NN
4806,NN
4807,NN
4808,NN
4809,NN
4810,NN
4811,NN
4812,NN
4813,NN
4814,NN
4815,NN
4816,NN
4817,NN
4818,NN
4819,NN
4820,NN
4821,NN
4822,NN
4823,NN
4824,NN
4825,NN
4826,NN
4827,NN
4828,NN
4829,NN
4830,NN
4831,NN
4832,NN
4833,NN
4834,NN
4835,NN
4836,NN
4837,NN
4838,NN
4839,NN
4840,NN
4841,NN
4842,NN
4843,NN
4844,NN
4845,NN
4846,NN
4847,NN
4848,NN
4849,NN
4850,NN
4851,NN
4852,NN
4853,NN
4854,NN
4855,NN
4856,NN
4857,NN
4858,NN
4859,NN
4860,NN
4861,NN
4862,NN
4863,NN
4864,NN
4865,NN
4866,NN
4867,NN
4868,NN
4869,NN
4870,NN
4871,NN
4872,NN
4873,NN
4874,NN
4875,NN
4876,NN
4877,NN
4878,NN
4879,NN
4880,NN
4881,NN
4882,NN
4883,NN
4884,NN
4885,NN
4886,NN
4887,NN
4888,NN
4889,NN
4890,NN
4891,NN
4892,NN
4893,NN
4894,NN
4895,NN
4896,NN
4897,NN
4898,NN
4899,NN
4900,NN
4901,NN
4902,NN
4903,NN
4904,NN
4905,NN
4906,NN
4907,NN
4908,NN
4909,NN
4910,NN
4911,NN
4912,NN
4913,NN
4914,NN
4915,NN
4916,NN
4917,NN
4918,NN
4919,NN
4920,NN
4921,NN
4922,NN
4923,NN
4924,NN
4925,NN
4926,NN
4927,NN
4928,NN
4929,NN
4930,NN
4931,NN
4932,NN
4933,NN
4934,NN
4935,NN
4936,NN
4937,NN
4938,NN
4939,NN
4940,NN
4941,NN
4942,NN
4943,NN
4944,NN
4945,NN
4946,NN
4947,NN
4948,NN
4949,NN
4950,NN
4951,NN
4952,NN
4953,NN
4954,NN
4955,NN
4956,NN
4957,NN
4958,NN
4959,NN
4960,NN
4961,NN
4962,NN
4963,NN
4964,NN
4965,NN
4966,NN
4967,NN
4968,NN
4969,NN
4970,NN
4971,NN
4972,NN
4973,NN
4974,NN
4975,NN
4976,NN
4977,NN
4978,NN
4979,NN
4980,NN
4981,NN
4982,NN
4983,NN
4984,NN
4985,NN
4986,NN
4987,NN
4988,NN
4989,NN
4990,NN
4991,NN
4992,NN
4993,NN
4994,NN
4995,NN
4996,NN
4997,NN
4998,NN
4999,NN
5000,NN
5001,NN
5002,NN
5003,NN
5004,NN
5005,NN
5006,NN
5007,NN
5008,NN
5009,NN
5010,NN
5011,NN
5012,NN
5013,NN
5014,NN
5015,NN
5016,NN
5017,NN
5018,NN
5019,NN
5020,NN
5021,NN
5022,NN
5023,NN
5024,NN
5025,NN
5026,NN
5027,NN
5028,NN
5029,NN
5030,NN
5031,NN
5032,NN
5033,NN
5034,NN
5035,NN
5036,NN
5037,NN
5038,NN
5039,NN
5040,NN
5041,NN
5042,NN
5043,NN
5044,NN
5045,NN
5046,NN
5047,NN
5048,NN
5049,NN
5050,NN
5051,NN
5052,NN
5053,NN
5054,NN
5055,NN
5056,NN
5057,NN
5058,NN
5059,NN
5060,NN
5061,NN
5062,NN
5063,NN
5064,NN
5065,NN
5066,NN
5067,NN
5068,NN
5069,NN
5070,NN
5071,NN
5072,NN
5073,NN
5074,NN
5075,NN
5076,NN
5077,NN
5078,NN
5079,NN
5080,NN
5081,NN
5082,NN
5083,NN
5084,NN
5085,NN
5086,NN
5087,NN
5088,NN
5089,NN
5090,NN
5091,NN
5092,NN
5093,NN
5094,NN
5095,NN
5096,NN
5097,NN
5098,NN
5099,NN
5100,NN
5101,NN
5102,NN
5103,NN
5104,NN
5105,NN
5106,NN
5107,NN
5108,NN
5109,NN
5110,NN
5111,NN
5112,NN
5113,NN
5114,NN
5115,NN
5116,NN
5117,NN
5118,NN
5119,NN
5120,NN
5121,NN
5122,NN
5123,NN
5124,NN
5125,NN
5126,NN
5127,NN
5128,NN
5129,NN
5130,NN
5131,NN
5132,NN
5133,NN
5134,NN
5135,NN
5136,NN
5137,NN
5138,NN
5139,NN
5140,NN
5141,NN
5142,NN
5143,NN
5144,NN
5145,NN
5146,NN
5147,NN
5148,NN
5149,NN
5150,NN
5151,NN
5152,NN
5153,NN
5154,NN
5155,NN
5156,NN
5157,NN
5158,NN
5159,NN
5160,NN
5161,NN
5162,NN
5163,NN
5164,NN
5165,NN
5166,NN
5167,NN
5168,NN
5169,NN
5170,NN
5171,NN
5172,NN
5173,NN
5174,NN
5175,NN
5176,NN
5177,NN
5178,NN
5179,NN
5180,NN
5181,NN
5182,NN
5183,NN
5184,NN
5185,NN
5186,NN
5187,NN
5188,NN
5189,NN
5190,NN
5191,NN
5192,NN
5193,NN
5194,NN
5195,NN
5196,NN
5197,NN
5198,NN
5199,NN
5200,NN
5201,NN
5202,NN
5203,NN
5204,NN
5205,NN
5206,NN
5207,NN
5208,NN
5209,NN
5210,NN
5211,NN
5212,NN
5213,NN
5214,NN
5215,NN
5216,NN
5217,NN
5218,NN
5219,NN
5220,NN
5221,NN
5222,NN
5223,NN
5224,NN
5225,NN
5226,NN
5227,NN
5228,NN
5229,NN
5230,NN
5231,NN
5232,NN
5233,NN
5234,NN
5235,NN
5236,NN
5237,NN
5238,NN
5239,NN
5240,NN
5241,NN
5242,NN
5243,NN
5244,NN
5245,NN
5246,NN
5247,NN
5248,NN
5249,NN
5250,NN
5251,NN
5252,NN
5253,NN
5254,NN
5255,NN
5256,NN
5257,NN
5258,NN
5259,NN
5260,NN
5261,NN
5262,NN
5263,NN
5264,NN
5265,NN
5266,NN
5267,NN
5268,NN
5269,NN
5270,NN
5271,NN
5272,NN
5273,NN
5274,NN
5275,NN
5276,NN
5277,NN
5278,NN
5279,NN
5280,NN
5281,NN
5282,NN
5283,NN
5284,NN
5285,NN
5286,NN
5287,NN
5288,NN
5289,NN
5290,NN
5291,NN
5292,NN
5293,NN
5294,NN
5295,NN
5296,NN
5297,NN
5298,NN
5299,NN
5300,NN
5301,NN
5302,NN
5303,NN
5304,NN
5305,NN
5306,NN
5307,NN
5308,NN
5309,NN
5310,NN
5311,NN
5312,NN
5313,NN
5314,NN
5315,NN
5316,NN
5317,NN
5318,NN
5319,NN
5320,NN
5321,NN
5322,NN
5323,NN
5324,NN
5325,NN
5326,NN
5327,NN
5328,NN
5329,NN
5330,NN
5331,NN
5332,NN
5333,NN
5334,NN
5335,NN
5336,NN
5337,NN
5338,NN
5339,NN
5340,NN
5341,NN
5342,NN
5343,NN
5344,NN
5345,NN
5346,NN
5347,NN
5348,NN
5349,NN
5350,NN
5351,NN
5352,NN
5353,NN
5354,NN
5355,NN
5356,NN
5357,NN
5358,NN
5359,NN
5360,NN
5361,NN
5362,NN
5363,NN
5364,NN
5365,NN
5366,NN
5367,NN
5368,NN
5369,NN
5370,NN
5371,NN
5372,NN
5373,NN
5374,NN
5375,NN
5376,NN
5377,NN
5378,NN
5379,NN
5380,NN
5381,NN
5382,NN
5383,NN
5384,NN
5385,NN
5386,NN
5387,NN
5388,NN
5389,NN
5390,NN
5391,NN
5392,NN
5393,NN
5394,NN
5395,NN
5396,NN
5397,NN
5398,NN
5399,NN
5400,NN
5401,NN
5402,NN
5403,NN
5404,NN
5405,NN
5406,NN
5407,NN
5408,NN
5409,NN
5410,NN
5411,NN
5412,NN
5413,NN
5414,NN
5415,NN
5416,NN
5417,NN
5418,NN
5419,NN
5420,NN
5421,NN
5422,NN
5423,NN
5424,NN
5425,NN
5426,NN
5427,NN
5428,NN
5429,NN
5430,NN
5431,NN
5432,NN
5433,NN
5434,NN
5435,NN
5436,NN
5437,NN
5438,NN
5439,NN
5440,NN
5441,NN
5442,NN
5443,NN
5444,NN
5445,NN
5446,NN
5447,NN
5448,NN
5449,NN
5450,NN
5451,NN
5452,NN
5453,NN
5454,NN
5455,NN
5456,NN
5457,NN
5458,NN
5459,NN
5460,NN
5461,NN
5462,NN
5463,NN
5464,NN
5465,NN
5466,NN
5467,NN
5468,NN
5469,NN
5470,NN
5471,NN
5472,NN
5473,NN
5474,NN
5475,NN
5476,NN
5477,NN
5478,NN
5479,NN
5480,NN
5481,NN
5482,NN
5483,NN
5484,NN
5485,NN
5486,NN
5487,NN
5488,NN
5489,NN
5490,NN
5491,NN
5492,NN
5493,NN
5494,NN
5495,NN
5496,NN
5497,NN
5498,NN
5499,NN
5500,NN
5501,NN
5502,NN
5503,NN
5504,NN
5505,NN
5506,NN
5507,NN
5508,NN
5509,NN
5510,NN
5511,NN
5512,NN
5513,NN
5514,NN
5515,NN
5516,NN
5517,NN
5518,NN
5519,NN
5520,NN
5521,NN
5522,NN
5523,NN
5524,NN
5525,NN
5526,NN
5527,NN
5528,NN
5529,NN
5530,NN
5531,NN
5532,NN
5533,NN
5534,NN
5535,NN
5536,NN
5537,NN
5538,NN
5539,NN
5540,NN
5541,NN
5542,NN
5543,NN
5544,NN
5545,NN
5546,NN
5547,NN
5548,NN
5549,NN
5550,NN
5551,NN
5552,NN
5553,NN
5554,NN
5555,NN
5556,NN
5557,NN
5558,NN
5559,NN
5560,NN
5561,NN
5562,NN
5563,NN
5564,NN
5565,NN
5566,NN
5567,NN
5568,NN
5569,NN
5570,NN
5571,NN
5572,NN
5573,NN
5574,NN
5575,NN
5576,NN
5577,NN
5578,NN
5579,NN
5580,NN
5581,NN
5582,NN
5583,NN
5584,NN
5585,NN
5586,NN
5587,NN
5588,NN
5589,NN
5590,NN
5591,NN
5592,NN
5593,NN
5594,NN
5595,NN
5596,NN
5597,NN
5598,NN
5599,NN
5600,NN
5601,NN
5602,NN
5603,NN
5604,NN
5605,NN
5606,NN
5607,NN
5608,NN
5609,NN
5610,NN
5611,NN
5612,NN
5613,NN
5614,NN
5615,NN
5616,NN
5617,NN
5618,NN
5619,NN
5620,NN
5621,NN
5622,NN
5623,NN
5624,NN
5625,NN
5626,NN
5627,NN
5628,NN
5629,NN
5630,NN
5631,NN
5632,D
5633,D
5634,D
5635,D
5636,D
5637,D
5638,D
5639,D
5640,D
5641,D
5642,D
5643,D
5644,D
5645,D
5646,D
5647,D
5648,D
5649,D
5650,D
5651,D
5652,D
5653,D
5654,D
5655,D
5656,D
5657,D
5658,D
5659,D
5660,D
5661,D
5662,D
5663,D
5664,D
5665,D
5666,D
5667,D
5668,D
5669,G
5670,G
5671,G
5672,G
5673,G
5674,G
5675,G
5676,G
5677,G
5678,G
5679,G
5680,G
5681,G
5682,G
5683,G
5684,G
5685,G
5686,G
5687,G
5688,G
5689,G
5690,G
5691,G
5692,G
5693,G
5694,G
5695,G
5696,G
5697,G
5698,G
5699,G
5700,G
5701,G
5702,G
5703,G
5704,G
5705,G
5706,H
5707,H
5708,H
5709,H
5710,H
5711,H
5712,H
5713,H
5714,H
5715,H
5716,H
5717,H
5718,H
5719,H
5720,H
5721,H
5722,H
5723,H
5724,H
5725,H
5726,H
5727,H
5728,H
5729,H
5730,H
5731,H
5732,H
5733,H
5734,H
5735,H
5736,H
5737,H
5738,H
5739,H
5740,H
5741,H
5742,H
5743,N
5744,N
5745,N
5746,N
5747,N
5748,N
5749,N
5750,N
5751,N
5752,N
5753,N
5754,N
5755,N
5756,N
5757,N
5758,N
5759,N
5760,N
5761,N
5762,N
5763,N
5764,N
5765,N
5766,N
5767,N
5768,N
5769,N
5770,N
5771,N
5772,N
5773,N
5774,N
5775,N
5776,N
5777,N
5778,N
5779,N
5780,S
5781,S
5782,S
5783,S
5784,S
5785,S
5786,S
5787,S
5788,S
5789,S
5790,S
5791,S
5792,S
5793,S
5794,S
5795,S
5796,S
5797,S
5798,S
5799,S
5800,S
5801,S
5802,S
5803,S
5804,S
5805,S
5806,S
5807,S
5808,S
5809,S
5810,S
5811,S
5812,S
5813,S
5814,S
5815,S
5816,S
5817,NN
5818,NN
5819,NN
5820,NN
5821,NN
5822,NN
5823,NN
5824,NN
5825,NN
5826,NN
5827,NN
5828,NN
5829,NN
5830,NN
5831,NN
5832,NN
5833,NN
5834,NN
5835,NN
5836,NN
5837,NN
5838,NN
5839,NN
5840,NN
5841,NN
5842,NN
5843,NN
5844,NN
5845,NN
5846,NN
5847,NN
5848,NN
5849,NN
5850,NN
5851,NN
5852,NN
5853,NN
5854,NN
5855,NN
5856,NN
5857,NN
5858,NN
5859,NN
5860,NN
5861,NN
5862,NN
5863,NN
5864,NN
5865,NN
5866,NN
5867,NN
5868,NN
5869,NN
5870,NN
5871,NN
5872,NN
5873,NN
5874,NN
5875,NN
5876,NN
5877,NN
5878,NN
5879,NN
5880,NN
5881,NN
5882,NN
5883,NN
5884,NN
5885,NN
5886,NN
5887,NN
5888,NN
5889,NN
5890,NN
5891,NN
5892,NN
5893,NN
5894,NN
5895,NN
5896,NN
5897,NN
5898,NN
5899,NN
5900,NN
5901,NN
5902,NN
5903,NN
5904,NN
5905,NN
5906,NN
5907,NN
5908,NN
5909,NN
5910,NN
5911,NN
5912,NN
5913,NN
5914,NN
5915,NN
5916,NN
5917,NN
5918,NN
5919,NN
5920,NN
5921,NN
5922,NN
5923,NN
5924,NN
5925,NN
5926,NN
5927,NN
5928,NN
5929,NN
5930,NN
5931,NN
5932,NN
5933,NN
5934,NN
5935,NN
5936,NN
5937,NN
5938,NN
5939,NN
5940,NN
5941,NN
5942,NN
5943,NN
5944,NN
5945,NN
5946,NN
5947,NN
5948,NN
5949,NN
5950,NN
5951,NN
5952,NN
5953,NN
5954,NN
5955,NN
5956,NN
5957,NN
5958,NN
5959,NN
5960,NN
5961,NN
5962,NN
5963,NN
5964,NN
5965,NN
5966,NN
5967,NN
5968,NN
5969,NN
5970,NN
5971,NN
5972,NN
5973,NN
5974,NN
5975,NN
5976,NN
5977,NN
5978,NN
5979,NN
5980,NN
5981,NN
5982,NN
5983,NN
5984,NN
5985,NN
5986,NN
5987,NN
5988,NN
5989,NN
5990,NN
5991,NN
5992,NN
5993,NN
5994,NN
5995,NN